楽天ペイ,
Pasmo,
バニラVisa,
楽天Edy,
WAON,
ANA Pay,
au Pay,
JAL Pay,
楽天カード,https://pc.moppy.jp/entry/invite.php?invite=ktNfA1e6&s_id=100822
PayPay,
PayPay カード,https://pc.moppy.jp/entry/invite.php?invite=ktNfA1e6&s_id=151337
エポス,https://pc.moppy.jp/entry/invite.php?invite=ktNfA1e6&s_id=102162
三井住友カード/olive,https://pc.moppy.jp/entry/invite.php?invite=ktNfA1e6&s_id=149052
イオンカード,https://pc.moppy.jp/entry/invite.php?invite=ktNfA1e6&s_id=147241
d払い,
VポイントPay,
グローバルポイント,
三菱UFJカード,https://pc.moppy.jp/entry/invite.php?invite=ktNfA1e6&s_id=157374
ファミマカード,
WAON+オーナーズ,
セゾンゴールドP,
JCB W,https://pc.moppy.jp/entry/invite.php?invite=ktNfA1e6&s_id=140425