お店,検索用,還元率,切り捨て,切り捨て単位,支払方法
ALL,ALL,2.1,1,100,楽天ペイ
ALL,ALL,2.6,0,100,Pasmo
ALL,ALL,2.6,0,100,バニラVisa
ALL,ALL,2.1,0.5,200,楽天Edy
ALL,ALL,1.6,1,100,WAON
ALL,ALL,1.6,0.5,200,ANA Pay
ALL,ALL,1.6,0.5,200,au Pay
ALL,ALL,1.5,0.1,1000,JAL Pay
ALL,ALL,0,1,100,楽天カード
ALL,ALL,0,1,200,PayPay
ALL,ALL,0,1.5,200,PayPay カード
ALL,ALL,0,0.8,200,エポス
ALL,ALL,0,0.5,200,NL
ALL,ALL,0,0.5,200,イオンカード
ALL,ALL,0,1.5,200,d払い
ALL,ALL,2.1,0.5,200,VポイントPay
ALL,ALL,0,0.5,200,グローバルポイント
coke on,コークオン,0,10,1000,三菱UFJカード
アオキスーパー,アオキスーパー,0,10,1000,三菱UFJカード
オーケーストア,オーケーストア/ok/OK,0,10,1000,三菱UFJカード
オオゼキ,オオゼキ,0,10,1000,三菱UFJカード
キンショウ,キンショウ,0,10,1000,三菱UFJカード
くらずし,くらずし,0,10,1000,三菱UFJカード
げんき市場,げんき市場/ゲンキイチバ,0,10,1000,三菱UFJカード
サンリブ,サンリブ,0,10,1000,三菱UFJカード
サンワ,サンワ,0,10,1000,三菱UFJカード
ジャパンミート,ジャパンミート,0,10,1000,三菱UFJカード
スシロー,スシロー,0,10,1000,三菱UFJカード
ゼッテリア,ゼッテリア,0,10,1000,三菱UFJカード
セブンイレブン,セブンイレブン,0,10,1000,三菱UFJカード
ドミー,ドミー,0,10,1000,三菱UFJカード
ハーベス,ハーベス,0,10,1000,三菱UFJカード
ピザハット,ピザハット,0,10,1000,三菱UFJカード
フードワン,フードワン,0,10,1000,三菱UFJカード
フランテ,フランテ,0,10,1000,三菱UFJカード
マイカリー食堂,マイカリー食堂/マイカリーショクドウ,0,10,1000,三菱UFJカード
ヤマナカ,ヤマナカ,0,10,1000,三菱UFJカード
ランテローゼ,ランテローゼ,0,10,1000,三菱UFJカード
ローソン,ローソン,0,10,1000,三菱UFJカード
ロッテリア,ロッテリア,0,10,1000,三菱UFJカード
松のや,松のや/マツノヤ,0,10,1000,三菱UFJカード
松屋,松屋/マツヤ,0,10,1000,三菱UFJカード
生鮮乃木市場,生鮮乃木市場,0,10,1000,三菱UFJカード
東急ストア,東急ストア/トウキュウストア,0,10,1000,三菱UFJカード
東武ストア,東武ストア/トウブストア,0,10,1000,三菱UFJカード
肉のハナマサ,肉のハナマサ/ニクノハナマサ,0,10,1000,三菱UFJカード
セイコーマート,セイコーマート,0,8,200,三井住友カード
セブンイレブン,セブンイレブン,0,8,200,三井住友カード
ポプラ,ポプラ,0,8,200,三井住友カード
ミニストップ,ミニストップ,0,8,200,三井住友カード
ローソン,ローソン,0,8,200,三井住友カード
マクドナルド,マクドナルド,0,8,200,三井住友カード
モスバーガー,モスバーガー,0,8,200,三井住友カード
ケンタッキーフライドチキン,ケンタッキーフライドチキン,0,8,200,三井住友カード
吉野家,吉野家/ヨシノヤ,0,8,200,三井住友カード
すき家,すき家/スキヤ,0,8,200,三井住友カード
サイゼリア,サイゼリア,0,8,200,三井住友カード
ガスト,ガスト,0,8,200,三井住友カード
バーミヤン,バーミヤン,0,8,200,三井住友カード
しゃぶ葉,しゃぶ葉/シャブヨウ,0,8,200,三井住友カード
ジョナサン,ジョナサン,0,8,200,三井住友カード
はま寿司,はま寿司/ハマスシ/ハマズシ,0,8,200,三井住友カード
ココス,ココス,0,8,200,三井住友カード
ドトール,ドトール,0,8,200,三井住友カード
エクセルシオールカフェ,エクセルシオールカフェ,0,8,200,三井住友カード
ステーキガスト,ステーキガスト,0,8,200,三井住友カード
から好し,から好し/カラヨシ,0,8,200,三井住友カード
むさしの森珈琲,むさしの森珈琲/ムサシノモリコーヒー,0,8,200,三井住友カード
藍屋,藍屋/アイヤ,0,8,200,三井住友カード
グラッチェガーデンズ,グラッチェガーデンズ,0,8,200,三井住友カード
魚屋路,魚屋路/トトヤミチ,0,8,200,三井住友カード
chawan、La Ohana,chawan、La Ohana,0,8,200,三井住友カード
とんから亭,とんから亭/トンカラテイ,0,8,200,三井住友カード
ゆめあん食堂,ゆめあん食堂/ユメアンショクドウ,0,8,200,三井住友カード
桃菜,桃菜/トウサイ,0,8,200,三井住友カード
八郎そば,八郎そば/ハチロウソウバ,0,8,200,三井住友カード
三〇三,三〇三/サンマルサン/ミワミ,0,8,200,三井住友カード
小田急,小田急/オダキュウ,0,1.3,200,エポス
スターバックス,スターバックス/スタバ,0,8,200,三井住友カード
ファミリーマート,ファミリーマート/ファミマ,5,0,100,ファミマカード
イオン,イオン,4.5,1,100,WAON+オーナーズ
マックスバリュ,マックスバリュ,4.5,1,100,WAON+オーナーズ
ザ・ビッグ,ザ・ビッグ,4.5,1,100,WAON+オーナーズ
まいばすけっと,マイバスケット,4.5,1,100,WAON+オーナーズ
ダイエー,ダイエー,4.5,1,100,WAON+オーナーズ
グルメシティ,グルメシティ,4.5,1,100,WAON+オーナーズ
セブンイレブン,セブンイレブン,0,2.5,1000,(-12/1)セゾンゴールドP
ローソン,ローソン,0,2.5,1000,(-12/1)セゾンゴールドP
スターバックス(モバイルオーダー),スターバックスコーヒー/スタバ,0,2.5,1000,セゾンゴールドP
マクドナルド,マクドナルド,0,2.5,1000,セゾンゴールドP
カフェ・ド・クリエ,カフェドクリエ,0,2.5,1000,セゾンゴールドP
珈琲館,コーヒーカン,0,2.5,1000,セゾンゴールドP
カフェ・ベローチェ,カフェベローチェ/ヴェローチェ,0,2.5,1000,セゾンゴールドP
Charget SPOT,チャージスポット,0,2.5,1000,セゾンゴールドP
LUUP,ループ,0,2.5,1000,(12/1-)セゾンゴールドP
モスバーガー,モスバーガー,0,2.5,1000,(12/1-)セゾンゴールドP
バーガーキング,バーガーキング,0,2.5,1000,(12/1-)セゾンゴールドP
フレッシュネスバーガー,フレッシュネスバーガー,0,2.5,1000,(12/1-)セゾンゴールドP
すき家,スキヤ,0,2.5,1000,(12/1-)セゾンゴールドP
なか卯,ナカウ,0,2.5,1000,(12/1-)セゾンゴールドP
amazon,アマゾン,0,2,200,JCB W
メルカリ,メルカリ,0,1.5,200,JCB W
スターバックス(チャージ),スターバックス/スタバ,0,10.5,200,JCB W
スターバックス(eGift),スターバックス/スタバ,0,10.5,200,JCB W
スターバックス(モバイルオーダー),スターバックス/スタバ,0,10.5,200,JCB W
ガスト,ガスト,0,10.5,200,JCB W
サンマルク,サンマルク,0,10.5,200,JCB W
ドミノピザ,ドミノピザ,0,10.5,200,JCB W
セブンイレブン,セブンイレブン,0,2,200,JCB W
ウエルシア,ウェルシア/ウエルシア,0,1.5,200,JCB W
HAC,ハックドラック/ハックドラッグ,0,1.5,200,JCB W
ビックカメラ,ビックカメラ/ビッグカメラ,0,1.5,200,JCB W
ウェルパーク,ウェルパーク/ウエルパーク,0,1.5,200,JCB W
ポプラ,ポプラ,0,3,200,JCB W
マクドナルド モバイルオーダー,マクドナルド,0,10.5,200,JCB W
吉野家,ヨシノヤ,0,10.5,200,JCB W
バーミヤン,バーミヤン,0,10.5,200,JCB W
ジハンピ,ジハンピ,0,10.5,200,JCB W
ジョナサン,ジョナサン,0,10.5,200,JCB W
ディズニープラス,ディズニープラス,0,10.5,200,JCB W
マルイ,マルイ,0,1.3,200,エポス
modi,モディ,0,1.3,200,エポス
大山観光電鉄,オオヤマカンコウデンテツ,0,7,200,NL
小田急電鉄,オダキュウデンテツ,0,7,200,NL
小田急箱根,オダキュウハコネ,0,7,200,NL
京王電鉄,ケイオウデンテツ,0,7,200,NL
京浜急行電鉄,ケイヒンキュウコウデンテツ,0,7,200,NL
相模鉄道,サガミテツドウ/ソウテツ,0,7,200,NL
西武鉄道,セイブテツドウ,0,7,200,NL
高尾登山電鉄,タカオトザンデンテツ,0,7,200,NL
つくばエクスプレス,ツクバエクスプレス,0,7,200,NL
東急電鉄,トウキュウデンテツ,0,7,200,NL
東京メトロ,トウキョウメトロ,0,7,200,NL
都営地下鉄,トエイチカテツ,0,7,200,NL
横浜高速鉄道（みなとみらい線）,ヨコハマコウソクテツドウ ミナトミライセン,0,7,200,NL
横浜市営地下鉄,ヨコハマシエイチカテツ/ブルーライン/グリーンライン,0,7,200,NL
ゆりかもめ,ユリカモメ,0,7,200,NL